<?xml version="1.0" encoding="utf-8"?>
<odoo> 

    <record id="group_second_approval_user" model="res.groups">
        <field name="name">Initial Approver</field>
        <field name="category_id" ref="base.module_category_inventory_purchase"/>
        <field name="implied_ids" eval="[(6, 0, [ref('purchase.group_purchase_user')])]"/>
        <field name="comment">The user will be able to see second approvals created by purchase user.</field>
    </record>
    
     <record id="purchase.group_purchase_manager" model="res.groups">
        <field name="implied_ids" eval="[(6, 0, [ref('purchase_double_approvals.group_second_approval_user')])]"/>
    </record>
     
</odoo>