<odoo>
    <data noupdate="1">
        <!-- sequence for employee purchase requisition -->
        <record id="sequence_purchase_requisition" model="ir.sequence">
            <field name="name">Employee Purchase Requisition</field>
            <field name="code">employee.purchase.requisition</field>
            <field name="prefix">EPR</field>
            <field name="padding">5</field>
            <field eval="1" name="number_next"/>
            <field eval="1" name="number_increment"/>
            <field eval="False" name="company_id"/>
        </record>
    </data>
</odoo>